{
  "parent": "mcpaint:guide/load_work",
  "display": {
    "icon": {
      "item": "minecraft:player_head",
      "nbt": "{SkullOwner:{Id:[I;-1827812023,-2016785231,-1154170024,-140817733],Name:\"mcpaint.computer\",Properties:{textures:[{Value:\"eyJ0ZXh0dXJlcyI6eyJTS0lOIjp7InVybCI6Imh0dHA6Ly90ZXh0dXJlcy5taW5lY3JhZnQubmV0L3RleHR1cmUvYzAxYTljYTMxMGZiOTZlNmMwYWFhM2VhMWQwNTg1ZjJmNDE3NjVkNmFhOTk3MDNiZjg2MWYyZTc2OWQyNGRjNSJ9fX0=\"}]}}}"
    },
    "title": {
      "translate": "mcpaint.advancements.craft_computer.title"
    },
    "description": {
      "translate": "mcpaint.advancements.craft_computer.description"
    },
    "frame": "task",
    "show_toast": true,
    "announce_to_chat": true,
    "hidden": false
  },
  "criteria": {
    "impossible": {
      "trigger": "minecraft:impossible",
      "conditions": {}
    }
  },
  "requirements": [
    [
      "impossible"
    ]
  ]
}