{
	"type": "minecraft:entity",
	"pools": [
	  {
		"rolls": 1,
		"entries": [
		  {
			"type": "minecraft:item",
			"name": "minecraft:carrot_on_a_stick",
			"functions": [
			  {
				"function": "minecraft:set_count",
				"count": {
				  "min": 1,
				  "max": 2,
				  "type": "minecraft:uniform"
				}
			  },
			  {
				"function": "minecraft:set_nbt",
				"tag": "{CustomModelData:27112022,display:{Name:'{\"translate\":\"item.totemofkeeping.totem_of_keeping\",\"color\":\"yellow\",\"italic\":false}'}}"
			  }
			]
		  }
		]
	  }
	]
}


  
  
  
  
  
  
  