{
  "parent": "minecraft:adventure/kill_mob_near_sculk_catalyst",
    "display": {
      "title": {
        "translate": "advancement.totemofkeeping.killingtheunkillabletitle",
        "color": "white"
      },
      "description": {
        "translate": "advancement.totemofkeeping.killingtheunkillabledescription",
        "color": "purple"
      },
      "background": "minecraft:textures/blocks/sculk.png",
      "frame": "challenge",
      "icon": {
        "item": "minecraft:sculk"
      }
    },
    "criteria": {
      "requirement": {
        "trigger": "minecraft:player_killed_entity",
        "conditions": {
          "entity": {
            "type": "minecraft:warden"
          }
        }
      }
    },
    "rewards": {
      "experience": 150
    }
  }