{
  "parent": "minecraft:adventure/totem_of_undying",
  "display": {
    "title": {
      "translate": "advancement.totemofkeeping.totemusetitle",
      "color": "white"
    },
    "description": {
      "translate": "advancement.totemofkeeping.totemusedescription",
      "color": "green"
    },
    "background": "minecraft:textures/blocks/carrot_on_a_stick.png",
    "frame": "goal",
    "icon": {
      "item": "minecraft:carrot_on_a_stick",
      "nbt": "{CustomModelData:27112022}"
    }
  },
  "criteria": {
    "requirement": {
      "trigger": "minecraft:tick",
      "conditions": {
        "player": [
          {
            "condition": "minecraft:entity_scores",
            "entity": "this",
            "scores": {
              "UsedTotemKeeping": 1
            }
          }
        ]
      }
    }
  },
  "rewards": {
    "experience": 50
  }
}
