{
  "condition": "minecraft:any_of",
  "terms": [
    {
      "condition": "minecraft:entity_properties",
      "entity": "this",
      "predicate": {
        "type": "minecraft:player",
        "equipment": {
          "mainhand": {
            "items": [
              "minecraft:carrot_on_a_stick"
            ],
            "nbt": "{CustomModelData:27112022}"
          }
        }
      }
    },
    {
      "condition": "minecraft:entity_properties",
      "entity": "this",
      "predicate": {
        "type": "minecraft:player",
        "equipment": {
          "offhand": {
            "items": [
              "minecraft:carrot_on_a_stick"
            ],
            "nbt": "{CustomModelData:27112022}"
          }
        }
      }
    }
  ]
}
